Date,Close,Daily Return,MA 20,MA 50,Signal,Position,Trade,Trading Cost,Strategy Return,Buy and Hold Growth,Strategy Growth
2025-08-05,24649.55078125,,,,0,0.0,0.0,0.0,,1.0,1.0
2025-08-06,24574.19921875,-0.003056914228121266,,,0,0.0,0.0,0.0,-0.0,0.9969430857718787,1.0
2025-08-07,24596.150390625,0.0008932609229541644,,,0,0.0,0.0,0.0,0.0,0.9978336160728081,1.0
2025-08-08,24363.30078125,-0.009466912735407229,,,0,0.0,0.0,0.0,-0.0,0.9883872123049909,1.0
2025-08-11,24585.05078125,0.009101804471857822,,,0,0.0,0.0,0.0,0.0,0.9973833194538756,1.0
2025-08-12,24487.400390625,-0.003971941790719136,,,0,0.0,0.0,0.0,-0.0,0.9934217709659706,1.0
2025-08-13,24619.349609375,0.005388453516712133,,,0,0.0,0.0,0.0,0.0,0.9987747780013106,1.0
2025-08-14,24631.30078125,0.00048543816407109475,,,0,0.0,0.0,0.0,0.0,0.9992596213958641,1.0
2025-08-18,24876.94921875,0.009973019276634965,,,0,0.0,0.0,0.0,0.0,1.009225256862408,1.0
2025-08-19,24980.650390625,0.004168564680625764,,,0,0.0,0.0,0.0,0.0,1.01343227762296,1.0
2025-08-20,25050.55078125,0.0027981813736617234,,,0,0.0,0.0,0.0,0.0,1.0162680449456722,1.0
2025-08-21,25083.75,0.0013252889742787488,,,0,0.0,0.0,0.0,0.0,1.0176148937805505,1.0
2025-08-22,24870.099609375,-0.008517482060098724,,,0,0.0,0.0,0.0,-0.0,1.0089473771786854,1.0
2025-08-25,24967.75,0.003926417350905487,,,0,0.0,0.0,0.0,0.0,1.0129089256665904,1.0
2025-08-26,24712.05078125,-0.010241179872034878,,,0,0.0,0.0,0.0,-0.0,1.0025355431648493,1.0
2025-08-28,24500.900390625,-0.008544430103923584,,,0,0.0,0.0,0.0,-0.0,0.9939694482895781,1.0
2025-08-29,24426.849609375,-0.0030223697933294824,,,0,0.0,0.0,0.0,-0.0,0.9909653050535753,1.0
2025-09-01,24625.05078125,0.008114070174605414,,,0,0.0,0.0,0.0,0.0,0.9990060670793792,1.0
2025-09-02,24579.599609375,-0.0018457290617897026,,,0,0.0,0.0,0.0,-0.0,0.9971621725484666,1.0
2025-09-03,24715.05078125,0.0055107151470170646,24694.777734375,,0,0.0,0.0,0.0,0.0,1.0026572492367618,1.0
2025-09-04,24734.30078125,0.0007788776228048189,24699.015234375,,0,0.0,0.0,0.0,0.0,1.0034381965315353,1.0
2025-09-05,24741.0,0.00027084730671167456,24707.3552734375,,0,0.0,0.0,0.0,0.0,1.0037099750645175,1.0
2025-09-08,24773.150390625,0.0012994782193525012,24716.2052734375,,0,0.0,0.0,0.0,0.0,1.0050142743156607,1.0
2025-09-09,24868.599609375,0.003852930178235292,24741.47021484375,,0,0.0,0.0,0.0,0.0,1.0088865241427287,1.0
2025-09-10,24973.099609375,0.0042020862308871365,24760.87265625,,0,0.0,0.0,0.0,0.0,1.0131259523143565,1.0
2025-09-11,25005.5,0.0012974116602184615,24786.77763671875,,0,0.0,0.0,0.0,0.0,1.0144403937381592,1.0
2025-09-12,25114.0,0.004339045410009845,24811.51015625,,0,0.0,0.0,0.0,0.0,1.0188420966723373,1.0
2025-09-15,25069.19921875,-0.0017838966811339896,24833.405078125,,0,0.0,0.0,0.0,-0.0,1.017024587637484,1.0
2025-09-16,25239.099609375,0.006777256391098607,24851.51259765625,,0,0.0,0.0,0.0,0.0,1.0239172240239545,1.0
2025-09-17,25330.25,0.003611475529465391,24868.992578125,,0,0.0,0.0,0.0,0.0,1.0276150760227152,1.0
2025-09-18,25423.599609375,0.0036853015416349333,24887.64501953125,,0,0.0,0.0,0.0,0.0,1.031402147446589,1.0
2025-09-19,25327.05078125,-0.0037976065391384095,24899.81005859375,,0,0.0,0.0,0.0,-0.0,1.0274852879069645,1.0
2025-09-22,25202.349609375,-0.004923635718664832,24916.42255859375,,0,0.0,0.0,0.0,-0.0,1.0224263246430232,1.0
2025-09-23,25169.5,-0.0013034343973540308,24926.51005859375,,0,0.0,0.0,0.0,-0.0,1.0210936590027233,1.0
2025-09-24,25056.900390625,-0.00447365300760838,24943.7525390625,,0,0.0,0.0,0.0,-0.0,1.0165256402840759,1.0
2025-09-25,24890.849609375,-0.006626948212322681,24963.25,,0,0.0,0.0,0.0,-0.0,1.0097891775094152,1.0
2025-09-26,24654.69921875,-0.009487437927231501,24974.64248046875,,0,0.0,0.0,0.0,-0.0,1.0002088653682044,1.0
2025-09-29,24634.900390625,-0.0008030448049409777,24975.1349609375,,0,0.0,0.0,0.0,-0.0,0.9994056528350146,1.0
2025-09-30,24611.099609375,-0.0009661407544825362,24976.7099609375,,0,0.0,0.0,0.0,-0.0,0.9984400863035504,1.0
2025-10-01,24836.30078125,0.009150390492475902,24982.7724609375,,0,0.0,0.0,0.0,0.0,1.0075762029765691,1.0
2025-10-03,24894.25,0.0023332467769816567,24990.769921875,,0,0.0,0.0,0.0,0.0,1.0099271269047276,1.0
2025-10-06,25077.650390625,0.007367178791287232,25007.60244140625,,0,0.0,0.0,0.0,0.0,1.0173674406148059,1.0
2025-10-07,25108.30078125,0.0012222193924698033,25024.3599609375,,0,0.0,0.0,0.0,0.0,1.0186108868299926,1.0
2025-10-08,25046.150390625,-0.0024752925801897474,25033.2375,,0,0.0,0.0,0.0,-0.0,1.0160895268597219,1.0
2025-10-09,25181.80078125,0.005416017571936882,25043.67255859375,,0,0.0,0.0,0.0,0.0,1.0215926855918551,1.0
2025-10-10,25285.349609375,0.0041120501676790155,25057.6650390625,,0,0.0,0.0,0.0,0.0,1.0257935259659428,1.0
2025-10-13,25227.349609375,-0.0022938183927065925,25063.33251953125,,0,0.0,0.0,0.0,-0.0,1.0234405419089627,1.0
2025-10-14,25145.5,-0.003244479132464395,25067.14755859375,,0,0.0,0.0,0.0,-0.0,1.020120010427421,1.0
2025-10-15,25323.55078125,0.007080820872521931,25071.3701171875,,0,0.0,0.0,0.0,0.0,1.0273432974897327,1.0
2025-10-16,25585.30078125,0.010336228211479837,25084.12265625,24908.524140625,1,0.0,0.0,0.0,0.0,1.037962152264121,1.0
2025-10-17,25709.849609375,0.004867983737610659,25098.43515625,24929.7301171875,1,1.0,1.0,0.0005,0.004367983737610659,1.043014935141598,1.0043679837376107
2025-10-20,25843.150390625,0.005184813729964155,25124.24013671875,24955.109140625,1,1.0,0.0,0.0,0.005184813729964155,1.048422773297878,1.00957544464963
2025-10-21,25868.599609375,0.0009847568259027106,25157.55263671875,24980.558125,1,1.0,0.0,0.0,0.0009847568259027106,1.049455214780315,1.0105696309600123
2025-10-23,25891.400390625,0.0008814076368377499,25193.64765625,25011.1201171875,1,1.0,0.0,0.0,0.0008814076368377499,1.0503802126211415,1.0114603547502967
2025-10-24,25795.150390625,-0.0037174505259611745,25230.56015625,25035.322109375,1,1.0,0.0,0.0,-0.0037174505259611745,1.0464754761472739,1.0077003009225414
2025-10-27,25966.05078125,0.006625291500029773,25284.32021484375,25064.8951171875,1,1.0,0.0,0.0,0.006625291500029773,1.053408681224382,1.0143766091608208
2025-10-28,25936.19921875,-0.001149638146805021,25348.39521484375,25091.232109375,1,1.0,0.0,0.0,-0.001149638146805021,1.0521976424202708,1.0132104431157027
2025-10-29,26053.900390625,0.0045381040946781415,25419.34521484375,25119.6841015625,1,1.0,0.0,0.0,0.0045381040946781415,1.0569726248497489,1.0178084975763768
2025-10-30,25877.849609375,-0.0067571756478100875,25482.68271484375,25139.702109375,1,1.0,0.0,0.0,-0.0067571756478100875,1.0498304751687122,1.0109309867824194
2025-10-31,25722.099609375,-0.006018660837397216,25526.97265625,25154.53109375,1,1.0,0.0,0.0,-0.006018660837397216,1.043511901601908,1.0048465360429608
2025-11-03,25763.349609375,0.0016036793506921665,25570.42763671875,25168.7870703125,1,1.0,0.0,0.0,0.0016036793506921665,1.0451853600907086,1.0064579876834274
2025-11-04,25597.650390625,-0.006431586779760301,25596.42763671875,25179.065078125,1,1.0,0.0,0.0,-0.006431586779760301,1.0384631597463503,0.9999848657954585
2025-11-06,25509.69921875,-0.0034359080045569534,25616.49755859375,25191.8570703125,1,1.0,0.0,0.0,-0.0034359080045569534,1.0348950958633403,0.9965490097906361
2025-11-07,25492.30078125,-0.0006820322478444663,25638.805078125,25202.3480859375,1,1.0,0.0,0.0,-0.0006820322478444663,1.0341892640348254,0.9958693312294015
2025-11-10,25574.349609375,0.0032185728871263475,25658.43251953125,25219.5940625,1,1.0,0.0,0.0,0.0032185728871263475,1.037517877560205,0.999074609258017
2025-11-11,25694.94921875,0.0047156471705849246,25678.9125,25243.4750390625,1,1.0,0.0,0.0,0.0047156471705849246,1.042410445803953,1.003785892612368
2025-11-12,25875.80078125,0.0070384090258497345,25711.33505859375,25272.4540625,1,1.0,0.0,0.0,0.0070384090258497345,1.0497473568943394,1.0108509482989514
2025-11-13,25879.150390625,0.00012944949620363744,25748.017578125,25297.5360546875,1,1.0,0.0,0.0,0.00012944949620363744,1.0498832461608305,1.0109818024449457
2025-11-14,25910.05078125,0.001194026471448284,25777.342578125,25324.145078125,1,1.0,0.0,0.0,0.001194026471448284,1.0511368345486767,1.0121889414792176
2025-11-17,26013.44921875,0.0039906690408659795,25798.75,25350.113046875,1,1.0,0.0,0.0,0.0039906690408659795,1.055331573772024,1.0162282525514856
2025-11-18,25910.05078125,-0.003974806902018679,25808.76005859375,25373.628046875,1,1.0,0.0,0.0,-0.003974806902018679,1.0511368345486767,1.0121889414792176
2025-11-19,26052.650390625,0.005503640675154298,25819.23505859375,25399.8610546875,1,1.0,0.0,0.0,0.005503640675154298,1.0569219139864516,1.017759665708484
2025-11-20,26192.150390625,0.005354541588221684,25835.41259765625,25428.2410546875,1,1.0,0.0,0.0,0.005354541588221684,1.062581246330395,1.0232093021653346
2025-11-21,26068.150390625,-0.0047342428227803435,25844.25009765625,25452.2320703125,1,1.0,0.0,0.0,-0.0047342428227803435,1.0575507286913344,1.0183651808703562
2025-11-24,25959.5,-0.004167936312968079,25852.467578125,25471.960078125,1,1.0,0.0,0.0,-0.004167936312968079,1.053142924606416,1.0141206996531444
2025-11-25,25884.80078125,-0.002877529180069005,25848.405078125,25489.54609375,1,1.0,0.0,0.0,-0.002877529180069005,1.0501124751100777,1.0112025377477805
2025-11-26,26205.30078125,0.012381783530362567,25861.86015625,25511.372109375,1,1.0,0.0,0.0,0.012381783530362567,1.063114740459424,1.0237230286755268
2025-11-27,26215.55078125,0.0003911422381892571,25869.94267578125,25534.299140625,1,1.0,0.0,0.0,0.0003911422381892571,1.0635305695384591,1.024123449992249
2025-11-28,26202.94921875,-0.0004806903583736144,25886.19765625,25553.5761328125,1,1.0,0.0,0.0,-0.0004806903583736144,1.0630193406478463,1.0236311637240534
2025-12-01,26175.75,-0.0010380212747401751,25908.88017578125,25570.4861328125,1,1.0,0.0,0.0,-0.0010380212747401751,1.0619159039567936,1.0225686127986209
2025-12-02,26032.19921875,-0.005484113396941881,25922.32265625,25582.658125,1,1.0,0.0,0.0,-0.005484113396941881,1.0560922367214785,1.0169607305698798
2025-12-03,25986.0,-0.0017746951904364927,25941.74013671875,25595.837109375,1,1.0,0.0,0.0,-0.0017746951904364927,1.0542179949083115,1.0151559352524746
2025-12-04,26033.75,0.0018375278996383138,25967.94267578125,25612.4651171875,1,1.0,0.0,0.0,0.0018375278996383138,1.0561551498862563,1.0170213126059844
2025-12-05,26186.44921875,0.005865433091659877,26002.65009765625,25632.8041015625,1,1.0,0.0,0.0,0.005865433091659877,1.062349957252326,1.0229865830678668
2025-12-08,25960.55078125,-0.00862653945989178,26021.96015625,25650.877109375,1,1.0,0.0,0.0,-0.00862653945989178,1.0531855534258745,1.014161748942092
2025-12-09,25839.650390625,-0.004657081109092687,26029.19521484375,25669.853125,1,1.0,0.0,0.0,-0.004657081109092687,1.0482807828806455,1.0094387154195295
2025-12-10,25758.0,-0.0031598875909956137,26023.30517578125,25691.919140625,1,1.0,0.0,0.0,-0.0031598875909956137,1.0449683334429418,1.0062490025488047
2025-12-11,25898.55078125,0.0054565875164998,26024.2751953125,25717.1921484375,1,1.0,0.0,0.0,0.0054565875164998,1.0506702946063442,1.0117396882946028
2025-12-12,26046.94921875,0.005729990019651465,26031.1201171875,25745.909140625,1,1.0,0.0,0.0,0.005729990019651465,1.0566906249083827,1.0175369466110162
2025-12-15,26027.30078125,-0.0007543469807149705,26031.8126953125,25769.729140625,1,1.0,0.0,0.0,-0.0007543469807149705,1.0558935135259333,1.0167693706875742
2025-12-16,25860.099609375,-0.006424068837574293,26029.31513671875,25789.0461328125,1,1.0,0.0,0.0,-0.006424068837574293,1.0491103809098945,1.0102375742583403
2025-12-17,25818.55078125,-0.001606677033445636,26017.61015625,25803.864140625,1,1.0,0.0,0.0,-0.001606677033445636,1.0474247993553372,1.0086144487494555
2025-12-18,25815.55078125,-0.00011619552256891819,25998.78017578125,25818.009140625,1,1.0,0.0,0.0,-0.00011619552256891819,1.0473030932834244,1.0084972522665125
2025-12-19,25966.400390625,0.005843362036054733,25993.69267578125,25836.414140625,1,1.0,0.0,0.0,0.005843362036054733,1.0534228644189594,1.0143902668238722
2025-12-22,26172.400390625,0.00793332910611566,26004.3376953125,25856.2261328125,1,1.0,0.0,0.0,0.00793332910611566,1.061780014690302,1.0224377586526265
2025-12-23,26177.150390625,0.00018148889399149937,26018.95517578125,25874.0621484375,1,1.0,0.0,0.0,0.00018148889399149937,1.0619727159708305,1.0226233197506196
2025-12-24,26142.099609375,-0.0013389838361685946,26015.7951171875,25892.3571484375,1,1.0,0.0,0.0,-0.0013389838361685946,1.0605507516696935,1.0212540436549844
2025-12-26,26042.30078125,-0.0038175521330050532,26007.1326171875,25910.2931640625,1,1.0,0.0,0.0,-0.0038175521330050532,1.0565020438854966,1.0173553531022892
2025-12-29,25942.099609375,-0.003847631310177624,25994.09013671875,25922.664140625,1,1.0,0.0,0.0,-0.003847631310177624,1.0524370135421761,1.013440944792116
2025-12-30,25938.849609375,-0.00012527898855285713,25982.2451171875,25929.7351171875,1,1.0,0.0,0.0,-0.00012527898855285713,1.0523051652976039,1.0133139819355943
2025-12-31,26129.599609375,0.0073538342244390265,25987.11513671875,25938.1301171875,1,1.0,0.0,0.0,0.0073538342244390265,1.0600436430367233,1.020765724976055
2026-01-01,26146.55078125,0.0006487344669803274,25995.14267578125,25944.198125,1,1.0,0.0,0.0,0.0006487344669803274,1.0607313298844645,1.021427930884559
2026-01-02,26328.55078125,0.006960765170238581,26009.88271484375,25953.3971484375,1,1.0,0.0,0.0,0.006960765170238581,1.0681148315805051,1.0285378508497691
2026-01-05,26250.30078125,-0.0029720587604740167,26013.07529296875,25960.57515625,1,1.0,0.0,0.0,-0.0029720587604740167,1.064940331538114,1.025480975919672
2026-01-06,26178.69921875,-0.0027276473171363724,26023.98271484375,25968.2461328125,1,1.0,0.0,0.0,-0.0027276473171363724,1.062035549899884,1.0226838254869302
2026-01-07,26140.75,-0.001449622016468255,26039.0376953125,25971.7401171875,1,1.0,0.0,0.0,-0.001449622016468255,1.0604959997844772,1.0212013204976182
2026-01-08,25876.849609375,-0.010095364158449915,26044.98017578125,25970.553125,1,1.0,0.0,0.0,-0.010095364158449915,1.0497899064780734,1.010891921288105
2026-01-09,25683.30078125,-0.007479613285493514,26034.21767578125,25963.1411328125,1,1.0,0.0,0.0,-0.007479613285493514,1.041937883946603,1.0033308406434402
2026-01-12,25790.25,0.004164153963733375,26021.38271484375,25961.389140625,1,1.0,0.0,0.0,0.004164153963733375,1.0462766737160032,1.0075088647404415
2026-01-13,25732.30078125,-0.002246942885392733,26006.63271484375,25961.5931640625,1,1.0,0.0,0.0,-0.002246942885392733,1.0439257497878447,1.0052450498648429
2026-01-14,25665.599609375,-0.00259211846006413,25996.90771484375,25959.6381640625,1,1.0,0.0,0.0,-0.00259211846006413,1.0412197705808834,1.0026393356142
2026-01-16,25694.349609375,0.0011201764399650926,25990.69765625,25961.5721484375,1,1.0,0.0,0.0,0.0011201764399650926,1.042386120436714,1.0037624685757374
2026-01-19,25585.5,-0.004236324757381116,25979.1951171875,25963.0881640625,1,1.0,0.0,0.0,-0.004236324757381116,1.0379702343079575,0.99951020477958
2026-01-20,25232.5,-0.013796877137441155,25942.50009765625,25957.8921484375,0,1.0,0.0,0.0,-0.013796877137441155,1.0236494865128896,0.9857200852866175
2026-01-21,25157.5,-0.0029723570791637677,25891.755078125,25949.55515625,0,0.0,1.0,0.0005,-0.0005,1.0206068347150705,0.9852272252439742
2026-01-22,25289.900390625,0.00526285960946038,25847.392578125,25941.4541796875,0,0.0,0.0,0.0,0.0,1.0259781452026318,0.9852272252439742
2026-01-23,25048.650390625,-0.009539381186706164,25792.7201171875,25924.911171875,0,0.0,0.0,0.0,-0.0,1.016190948586314,0.9852272252439742
2026-01-27,25175.400390625,0.005060152863462841,25749.37509765625,25910.836171875,0,0.0,0.0,0.0,0.0,1.0213330301246282,0.9852272252439742
2026-01-28,25342.75,0.006647346488174222,25719.4076171875,25899.49015625,0,0.0,0.0,0.0,0.0,1.0281221846556834,0.9852272252439742
2026-01-29,25418.900390625,0.0030048195489833507,25693.41015625,25887.5991796875,0,0.0,0.0,0.0,0.0,1.0312115062948803,0.9852272252439742
2026-01-30,25320.650390625,-0.003865234077404689,25652.9626953125,25875.811171875,0,0.0,0.0,0.0,-0.0,1.0272256324397375,0.9852272252439742
2026-02-02,25088.400390625,-0.00917235522852089,25600.05517578125,25856.526171875,0,0.0,0.0,0.0,-0.0,1.0178035540391581,0.9852272252439742
2026-02-03,25727.55078125,0.025475932330218942,25570.00517578125,25847.2341796875,0,0.0,0.0,0.0,0.0,1.043733048507316,0.9852272252439742
2026-02-04,25776.0,0.0018831648283172964,25546.29013671875,25841.391171875,0,0.0,0.0,0.0,0.0,1.0456985698744172,0.9852272252439742
2026-02-05,25642.80078125,-0.00516756745616076,25519.49521484375,25835.0571875,0,0.0,0.0,0.0,-0.0,1.0402948519757804,0.9852272252439742
2026-02-06,25693.69921875,0.0019849016468285186,25497.14267578125,25831.23515625,0,0.0,0.0,0.0,0.0,1.0423597349406544,0.9852272252439742
2026-02-09,25867.30078125,0.006756581098813275,25496.665234375,25824.47515625,0,0.0,0.0,0.0,0.0,1.0494025230239183,0.9852272252439742
2026-02-10,25935.150390625,0.0026229876069705504,25509.25771484375,25818.8671484375,0,0.0,0.0,0.0,0.0,1.0521550928365337,0.9852272252439742
2026-02-11,25953.849609375,0.0007209990483325601,25517.4376953125,25813.88515625,0,0.0,0.0,0.0,0.0,1.0529136956571672,0.9852272252439742
2026-02-12,25807.19921875,-0.00565042923620962,25521.1826171875,25806.514140625,0,0.0,0.0,0.0,-0.0,1.0469642813280204,0.9852272252439742
2026-02-13,25471.099609375,-0.01302348257655217,25511.4576171875,25795.2921484375,0,0.0,0.0,0.0,-0.0,1.0333291602518726,0.9852272252439742
2026-02-16,25682.75,0.008309432803093486,25510.87763671875,25789.2271484375,0,0.0,0.0,0.0,0.0,1.0419155394724626,0.9852272252439742
2026-02-17,25725.400390625,0.00166066292063749,25517.87265625,25783.06015625,0,0.0,0.0,0.0,0.0,1.0436458099753005,0.9852272252439742
2026-02-18,25819.349609375,0.003652002197183979,25547.21513671875,25775.7181640625,0,0.0,0.0,0.0,0.0,1.0474572067664123,0.9852272252439742
2026-02-19,25454.349609375,-0.014136684522350174,25562.0576171875,25765.594140625,0,0.0,0.0,0.0,-0.0,1.0326496346836933,0.9852272252439742
2026-02-20,25571.25,0.004592550680687868,25576.12509765625,25760.2261328125,0,0.0,0.0,0.0,0.0,1.037392130466372,0.9852272252439742
2026-02-23,25713.0,0.00554333479982394,25609.342578125,25759.3261328125,0,0.0,0.0,0.0,0.0,1.0431427423642499,0.9852272252439742
2026-02-24,25424.650390625,-0.011214156627970318,25621.805078125,25749.848125,0,0.0,0.0,0.0,-0.0,1.0314447762660466,0.9852272252439742
2026-02-25,25482.5,0.002275335490801167,25628.792578125,25738.559140625,0,0.0,0.0,0.0,0.0,1.0337916591722862,0.9852272252439742
2026-02-26,25496.55078125,0.0005513894339252978,25632.67509765625,25727.944140625,0,0.0,0.0,0.0,0.0,1.034361680970034,0.9852272252439742
2026-02-27,25178.650390625,-0.012468368500212268,25625.57509765625,25714.31515625,0,0.0,0.0,0.0,-0.0,1.0214648783692006,0.9852272252439742
2026-03-02,24865.69921875,-0.012429227421638323,25614.4400390625,25695.258125,0,0.0,0.0,0.0,-0.0,1.0087688590927337,0.9852272252439742
2026-03-04,24480.5,-0.015491187895474101,25552.0875,25668.557109375,0,0.0,0.0,0.0,-0.0,0.9931418311534251,0.9852272252439742
2026-03-05,24765.900390625,0.011658274570576665,25501.58251953125,25644.547109375,0,0.0,0.0,0.0,0.0,1.004720151308537,0.9852272252439742
2026-03-06,24450.44921875,-0.012737318930444053,25441.96494140625,25610.1080859375,0,0.0,0.0,0.0,-0.0,0.9919227103054763,0.9852272252439742
2026-03-09,24028.05078125,-0.017275692308183932,25358.68251953125,25567.12609375,0,0.0,0.0,0.0,-0.0,0.974786558768739,0.9852272252439742
2026-03-10,24261.599609375,0.009719840791548862,25278.3974609375,25529.51609375,0,0.0,0.0,0.0,0.0,0.9842613289257129,0.9852272252439742
2026-03-11,23866.849609375,-0.01627056774308744,25174.982421875,25486.0070703125,0,0.0,0.0,0.0,-0.0,0.9682468382965259,0.9852272252439742
2026-03-12,23639.150390625,-0.009540396930332928,25059.2474609375,25439.9480859375,0,0.0,0.0,0.0,-0.0,0.9590093791326372,0.9852272252439742
2026-03-13,23151.099609375,-0.02064586811222946,24926.44248046875,25384.1930859375,0,0.0,0.0,0.0,-0.0,0.9392097979726737,0.9852272252439742
2026-03-16,23408.80078125,0.011131271353117311,24823.3275390625,25329.777109375,0,0.0,0.0,0.0,0.0,0.949664397091414,0.9852272252439742
2026-03-17,23581.150390625,0.007362598835607637,24718.24755859375,25278.4691015625,0,0.0,0.0,0.0,0.0,0.9566563950756574,0.9852272252439742
2026-03-18,23777.80078125,0.008339304375208911,24620.867578125,25227.4541015625,0,0.0,0.0,0.0,0.0,0.9646342439366834,0.9852272252439742
2026-03-19,23002.150390625,-0.03262077926216955,24480.0076171875,25162.49109375,0,0.0,0.0,0.0,-0.0,0.9331671231964951,0.9852272252439742
2026-03-20,23114.5,0.004884308965338757,24363.01513671875,25101.207109375,0,0.0,0.0,0.0,0.0,0.9377249997424831,0.9852272252439742
2026-03-23,22512.650390625,-0.026037751600726855,24210.08515625,25028.6451171875,0,0.0,0.0,0.0,-0.0,0.9133087491293967,0.9852272252439742
2026-03-24,22912.400390625,0.017756683156527453,24070.05517578125,24969.3561328125,0,0.0,0.0,0.0,0.0,0.9295260832117719,0.9852272252439742
2026-03-25,23306.44921875,0.01719805962740728,23964.1451171875,24921.8191015625,0,0.0,0.0,0.0,0.0,0.9455121282160783,0.9852272252439742
2026-03-27,22819.599609375,-0.02088905112938999,23831.00009765625,24862.40609375,0,0.0,0.0,0.0,-0.0,0.9257612770263143,0.9852272252439742
2026-03-30,22331.400390625,-0.02139385559374285,23672.742578125,24794.3880859375,0,0.0,0.0,0.0,-0.0,0.9059556739513344,0.9852272252439742
2026-04-01,22679.400390625,0.015583438293735208,23547.780078125,24734.6641015625,0,0.0,0.0,0.0,0.0,0.9200735782932142,0.9852272252439742
2026-04-02,22713.099609375,0.0014858954897207788,23440.15009765625,24675.0391015625,0,0.0,0.0,0.0,0.0,0.9214407114734113,0.9852272252439742
2026-04-06,22968.25,0.01123362266767347,23364.53759765625,24622.6941015625,0,0.0,0.0,0.0,0.0,0.9317918287367363,0.9852272252439742
2026-04-07,23123.650390625,0.0067658785769486585,23282.42509765625,24580.517109375,0,0.0,0.0,0.0,0.0,0.938096219108962,0.9852272252439742
2026-04-08,23997.349609375,0.03778379295615997,23259.7701171875,24557.3141015625,0,0.0,0.0,0.0,0.0,0.9735410524247315,0.9852272252439742
2026-04-09,23775.099609375,-0.009261439434677166,23247.12255859375,24527.0180859375,0,0.0,0.0,0.0,-0.0,0.964524660930528,0.9852272252439742
2026-04-10,24050.599609375,0.011587753764504383,23236.57255859375,24507.0570703125,0,0.0,0.0,0.0,0.0,0.9757013352011831,0.9852272252439742
2026-04-13,23842.650390625,-0.008646321593950623,23235.36259765625,24480.4020703125,0,0.0,0.0,0.0,-0.0,0.9672651076773866,0.9852272252439742
2026-04-15,24231.30078125,0.016300637062472756,23264.9701171875,24458.1730859375,0,0.0,0.0,0.0,0.0,0.9830321451408293,0.9852272252439742
2026-04-16,24196.75,-0.0014258739785333319,23317.25263671875,24433.730078125,0,0.0,0.0,0.0,-0.0,0.9816304651850112,0.9852272252439742
2026-04-17,24353.55078125,0.006480241406387144,23364.49013671875,24414.3880859375,0,0.0,0.0,0.0,0.0,0.9879916675712742,0.9852272252439742
2026-04-20,24364.849609375,0.00046394992773279853,23403.67509765625,24399.9170703125,0,0.0,0.0,0.0,0.0,0.9884500462340445,0.9852272252439742
2026-04-21,24576.599609375,0.008690798564113589,23443.6150390625,24376.898046875,0,0.0,0.0,0.0,0.0,0.9970404664765534,0.9852272252439742
2026-04-22,24378.099609375,-0.00807678861823835,23512.4125,24348.9400390625,0,0.0,0.0,0.0,-0.0,0.9889875813849925,0.9852272252439742
2026-04-23,24173.05078125,-0.008411190019346093,23565.3400390625,24319.5450390625,0,0.0,0.0,0.0,-0.0,0.9806690189111898,0.9852272252439742
2026-04-24,23897.94921875,-0.011380506539678703,23634.60498046875,24283.6300390625,0,0.0,0.0,0.0,-0.0,0.9695085087282107,0.9852272252439742
2026-04-27,24092.69921875,0.008149234824183171,23693.619921875,24248.1380078125,0,0.0,0.0,0.0,0.0,0.9774092612298806,0.9852272252439742
2026-04-28,23995.69921875,-0.004026115924964935,23728.082421875,24209.348984375,0,0.0,0.0,0.0,-0.0,0.9734740982380348,0.9852272252439742
2026-04-29,24177.650390625,0.007582657634449097,23795.9849609375,24173.825,0,0.0,0.0,0.0,0.0,0.9808556190409778,0.9852272252439742
2026-04-30,23997.55078125,-0.007449012061355398,23879.29248046875,24137.63203125,0,0.0,0.0,0.0,-0.0,0.9735492137042934,0.9852272252439742
2026-05-04,24119.30078125,0.005073434414612388,23951.2875,24110.5960546875,0,0.0,0.0,0.0,0.0,0.9784884517894196,0.9852272252439742
2026-05-05,24032.80078125,-0.0035863394542201554,24017.27255859375,24077.5970703125,0,0.0,0.0,0.0,-0.0,0.9749792600492684,0.9852272252439742
2026-05-06,24330.94921875,0.01240589643353629,24085.40751953125,24049.708046875,1,0.0,0.0,0.0,0.0,0.9870747517742855,0.9852272252439742
2026-05-07,24326.650390625,-0.00017668148029703623,24145.55751953125,24019.8540625,1,1.0,1.0,0.0005,-0.0006766814802970362,0.9869003539459782,0.9845605402267672
2026-05-08,24176.150390625,-0.006186630612244115,24154.49755859375,23994.290078125,1,1.0,0.0,0.0,-0.006186630612244115,0.9807947660050215,0.9784694278489927
2026-05-11,23815.849609375,-0.014903149402549887,24156.53505859375,23959.1820703125,1,1.0,0.0,0.0,-0.014903149402549887,0.9661778350740097,0.9638871517799317
2026-05-12,23379.55078125,-0.018319683541890175,24122.9826171875,23912.5130859375,1,1.0,0.0,0.0,-0.018319683541890175,0.9484777628902653,0.9462290441892295
2026-05-13,23412.599609375,0.0014135784059419176,24101.480078125,23872.2720703125,1,1.0,0.0,0.0,0.0014135784059419176,0.949818510574403,0.9475666131331705
2026-05-14,23689.599609375,0.011831236369372666,24074.39501953125,23836.4140625,1,1.0,0.0,0.0,0.011831236369372666,0.9610560378810142,0.9587774977088749
2026-05-15,23643.5,-0.0019459851637491088,24046.73251953125,23799.353046875,1,1.0,0.0,0.0,-0.0019459851637491088,0.9591858370897662,0.9569117309229969
2026-05-18,23649.94921875,0.0002727692071817778,24011.55244140625,23768.7790234375,1,1.0,0.0,0.0,0.0002727692071817778,0.9594474734500892,0.9571727469771837
2026-05-19,23618.0,-0.0013509212410769411,23974.2099609375,23743.8250390625,1,1.0,0.0,0.0,-0.0013509212410769411,0.9581513354785078,0.9558796819819122
2026-05-20,23659.0,0.0017359640951817301,23928.32998046875,23727.3950390625,1,1.0,0.0,0.0,0.0017359640951817301,0.959814651794649,0.9575390547891466
2026-05-21,23654.69921875,-0.00018178203854768427,23892.1599609375,23705.171015625,1,1.0,0.0,0.0,-0.00018178203854768427,0.9596401747306178,0.957364991387778
2026-05-22,23719.30078125,0.002731024474358801,23869.4724609375,23690.548046875,1,1.0,0.0,0.0,0.002731024474358801,0.962260975534385,0.9599795786101523
2026-05-25,24031.69921875,0.01317064277657587,23876.1599609375,23690.621015625,1,1.0,0.0,0.0,0.01317064277657587,0.9749345711009878,0.9726231267128345
2026-05-26,23913.69921875,-0.004910181295375682,23867.2099609375,23683.6630078125,1,1.0,0.0,0.0,-0.004910181295375682,0.9701474656057526,0.9678473708285993
2026-05-27,23907.150390625,-0.00027385257567613674,23862.78251953125,23684.4690234375,1,1.0,0.0,0.0,-0.00027385257567613674,0.9698817882235108,0.9675823233332365
2026-05-29,23547.75,-0.015033175629577955,23831.2875,23682.641015625,1,1.0,0.0,0.0,-0.015033175629577955,0.9553013849612176,0.9530364883304928
2026-06-01,23382.599609375,-0.007013425513053284,23800.53994140625,23687.271015625,1,1.0,0.0,0.0,-0.007013425513053284,0.9486014498552755,0.946352437908365
2026-06-02,23483.55078125,0.00431736306319519,23768.75244140625,23688.766015625,1,1.0,0.0,0.0,0.00431736306319519,0.952696906716574,0.9504381849685553
2026-06-03,23405.599609375,-0.0033193946094914883,23737.3923828125,23685.255,1,1.0,0.0,0.0,-0.0033193946094914883,0.9495345297399398,0.9472833055807157
2026-06-04,23416.55078125,0.00046788683297016576,23691.6724609375,23678.03,1,1.0,0.0,0.0,0.00046788683297016576,0.9499788044438556,0.9477265269664894
2026-06-05,23366.69921875,-0.0021289028843615165,23643.67490234375,23685.3209765625,0,1.0,0.0,0.0,-0.0021289028843615165,0.9479563918269928,0.9457089092296446
2026-06-08,23123.0,-0.010429338627102713,23591.0173828125,23685.4909765625,0,0.0,1.0,0.0005,-0.0005,0.9380698336129026,0.9452360547750298
2026-06-09,23242.099609375,0.005150698844224255,23562.3298828125,23700.0799609375,0,0.0,0.0,0.0,0.0,0.9429015488206942,0.9452360547750298
2026-06-10,23214.94921875,-0.0011681556778996294,23554.0998046875,23706.1309375,0,0.0,0.0,0.0,-0.0,0.9418000930227389,0.9452360547750298
2026-06-11,23161.599609375,-0.0022980713363744965,23541.5498046875,23703.2339453125,0,0.0,0.0,0.0,-0.0,0.9396357692243685,0.9452360547750298
2026-06-12,23622.900390625,0.019916620139797336,23538.21484375,23719.2999609375,0,0.0,0.0,0.0,0.0,0.9583501379097765,0.9452360547750298
2026-06-15,23853.900390625,0.009778646829145199,23548.73486328125,23749.7499609375,0,0.0,0.0,0.0,0.0,0.9677215054470588,0.9452360547750298
2026-06-16,23989.150390625,0.005669932287180934,23565.694921875,23775.9449609375,0,0.0,0.0,0.0,0.0,0.9732084208557924,0.9452360547750298
2026-06-17,24085.69921875,0.004024687267071059,23589.0798828125,23803.396953125,0,0.0,0.0,0.0,0.0,0.977125280395417,0.9452360547750298
2026-06-18,24168.0,0.0034169978003351087,23614.5298828125,23827.391953125,0,0.0,0.0,0.0,0.0,0.98046411532918,0.9452360547750298
2026-06-19,24013.099609375,-0.006409317718677587,23632.44990234375,23845.1809375,0,0.0,0.0,0.0,-0.0,0.9741800093022731,0.9452360547750298
2026-06-22,24102.900390625,0.0037396580495980825,23651.6298828125,23847.291953125,0,0.0,0.0,0.0,0.0,0.9778231094158178,0.9452360547750298
2026-06-23,23824.099609375,-0.011567105067506356,23641.24990234375,23848.271953125,0,0.0,0.0,0.0,-0.0,0.9665125267717694,0.9452360547750298
2026-06-24,24021.650390625,0.008292056551520766,23646.6474609375,23847.69296875,0,0.0,0.0,0.0,0.0,0.9745269033015141,0.9452360547750298
2026-06-25,24056.0,0.0014299437722400388,23654.08994140625,23851.9599609375,0,0.0,0.0,0.0,0.0,0.9759204219777705,0.9452360547750298
2026-06-29,23946.25,-0.004562271366810755,23674.01494140625,23846.2589453125,0,0.0,0.0,0.0,-0.0,0.9714680081802954,0.9452360547750298
2026-06-30,23865.75,-0.0033616954637991636,23698.1724609375,23839.6389453125,0,0.0,0.0,0.0,-0.0,0.9682022285839698,0.9452360547750298
2026-07-01,24005.849609375,0.0058703208311072785,23724.28740234375,23832.684921875,0,0.0,0.0,0.0,0.0,0.9738858862951507,0.9452360547750298
2026-07-02,24175.69921875,0.007075342557701703,23762.7923828125,23828.9019140625,0,0.0,0.0,0.0,0.0,0.9807764625527998,0.9452360547750298
2026-07-03,24270.849609375,0.003935786500487426,23805.50732421875,23822.7869140625,0,0.0,0.0,0.0,0.0,0.9846365893141109,0.9452360547750298
2026-07-06,24430.349609375,0.006571669412775316,23858.68984375,23823.8319140625,1,0.0,0.0,0.0,0.0,0.9911072954708059,0.9452360547750298
2026-07-07,24398.69921875,-0.0012955357222089736,23922.4748046875,23828.3448828125,1,1.0,1.0,0.0005,-0.0017955357222089736,0.9898232805649816,0.9435388496727615
2026-07-08,23882.05078125,-0.02117524515827318,23954.47236328125,23828.0269140625,1,1.0,0.0,0.0,-0.02117524515827318,0.9688635299356518,0.9235591832145856
2026-07-09,23962.80078125,0.0033812004144717633,23991.86494140625,23825.4289453125,1,1.0,0.0,0.0,0.0033812004144717633,0.9721394517046368,0.92668192190766
2026-07-10,24206.900390625,0.01018660596494203,24044.12998046875,23829.65296875,1,1.0,0.0,0.0,0.01018660596494203,0.9820422532421267,0.9361216655009684
2026-07-13,24211.0,0.0001693570555851842,24073.5349609375,23830.3199609375,1,1.0,0.0,0.0,0.0001693570555851842,0.982208569026596,0.9362802043099072
2026-07-14,24052.05078125,-0.006565165369047166,24083.44248046875,23831.4099609375,1,1.0,0.0,0.0,-0.006565165369047166,0.9757602073440412,0.9301333699368474
2026-07-15,24078.5,0.0010996658451518648,24087.9099609375,23830.5939453125,1,1.0,0.0,0.0,0.0010996658451518648,0.9768332175171158,0.9311562058352029
2026-07-16,24072.75,-0.00023880225097083763,24087.2625,23831.3929296875,1,1.0,0.0,0.0,-0.00023880225097083763,0.9765999475459497,0.930933843637244
2026-07-17,24334.30078125,0.010865014643113069,24095.5775390625,23831.4599609375,1,1.0,0.0,0.0,0.010865014643113069,0.9872107202764999,0.9410484534801321
2026-07-20,24238.5,-0.003936861885253551,24106.84755859375,23829.696953125,1,1.0,0.0,0.0,-0.003936861885253551,0.9833242080191297,0.9373436756914494
2026-07-21,24187.69921875,-0.002095871495760848,24111.0875,23829.9279296875,1,1.0,0.0,0.0,-0.002095871495760848,0.9812632868404507,0.935379123799836
2026-07-22,23996.25,-0.0079151479856997,24119.69501953125,23833.5359375,1,1.0,0.0,0.0,-0.0079151479856997,0.9734964427121745,0.9279754596122262
2026-07-23,23869.599609375,-0.0052779242850445884,24112.09248046875,23843.3369140625,1,1.0,0.0,0.0,-0.0052779242850445884,0.9683584021957794,0.9230776753980133
2026-07-24,23767.44921875,-0.004279518395644999,24097.66494140625,23850.43390625,1,1.0,0.0,0.0,-0.004279518395644999,0.9642142946000052,0.9191273475055383
2026-07-27,23995.94921875,0.009613989195766948,24100.14990234375,23856.5608984375,1,1.0,0.0,0.0,0.009613989195766948,0.9734842404106937,0.9279638278939905
2026-07-28,23985.349609375,-0.0004417249460887396,24106.1298828125,23863.397890625,1,1.0,0.0,0.0,-0.0004417249460887396,0.9730542281370801,0.9275539231221417
2026-07-29,24250.19921875,0.011042140877174367,24118.34736328125,23875.402890625,1,1.0,0.0,0.0,0.011042140877174367,0.9837988300052999,0.9377961042124321
2026-07-30,24317.150390625,0.0027608503860552247,24125.419921875,23889.3858984375,1,1.0,0.0,0.0,0.0027608503860552247,0.9865149513849207,0.940385218948788
2026-07-31,24383.599609375,0.0027326071386892803,24131.057421875,23903.877890625,1,1.0,0.0,0.0,0.0027326071386892803,0.9892107091834988,0.9429549223112054
2026-08-03,24774.30078125,0.01602311299947612,24148.25498046875,23926.269921875,1,1.0,0.0,0.0,0.01602311299947612,1.005060944157038,0.95806399558481
2026-08-04,24614.900390625,-0.006434102501316152,24159.0650390625,23944.1819140625,1,1.0,0.0,0.0,-0.006434102501316152,0.9985942790222619,0.9518997136343968
2026-08-05,24624.650390625,0.00039610154196334513,24196.19501953125,23956.0409375,1,1.0,0.0,0.0,0.00039610154196334513,0.9989898237559784,0.9522767625787619
